scenario,runId,status,startedAt,endedAt,engines,threadsPerEngine,totalVirtualUsers,durationSeconds,sampleCount,errorCount,errorPct,throughputRps,meanResponseMs,p90ResponseMs,p95ResponseMs,p99ResponseMs
littles-warmup,littles-warmup-20261006120647,DONE,2026-10-06T17:06:53Z,2026-10-06T17:10:16Z,4,100,400,60,424544,0,0,7075.733333333334,51,51,55,80
bigs-warmup,bigs-warmup-20261006120647,DONE,2026-10-06T17:10:49Z,2026-10-06T17:14:18Z,4,100,400,60,426909,0,0,7115.15,51,50,53,81
littles,littles-1-20261006120647,DONE,2026-10-06T17:14:54Z,2026-10-06T17:22:48Z,4,500,2000,180,2167949,927,0.04275930845236673,12044.16111111111,159,121,285,2932
bigs,bigs-1-20261006120647,DONE,2026-10-06T17:23:18Z,2026-10-06T17:31:10Z,4,500,2000,180,2719887,304,0.011176934924134716,15110.483333333334,127.19,148,183,1666
littles,littles-2-20261006120647,DONE,2026-10-06T17:31:41Z,2026-10-06T17:39:34Z,4,500,2000,180,2160284,1184,0.05480760862923578,12001.577777777778,161,129,344,3270
bigs,bigs-2-20261006120647,DONE,2026-10-06T17:40:05Z,2026-10-06T17:48:01Z,4,500,2000,180,2774391,173,0.006235602696231353,15413.283333333333,125,141,169,1356
littles,littles-3-20261006120647,DONE,2026-10-06T17:48:33Z,2026-10-06T17:56:27Z,4,500,2000,180,2232384,1016,0.045511883260227634,12402.133333333333,154.93,144,263,3254
bigs,bigs-3-20261006120647,DONE,2026-10-06T17:57:01Z,2026-10-06T18:04:51Z,4,500,2000,180,2578067,642,0.02490237840987065,14322.594444444445,133.23,146,185,2432
littles,littles-1-20261006144946,DONE,2026-10-06T19:49:52Z,2026-10-06T19:59:21Z,4,500,2000,420,5120553,6795,0.13270051105808298,12191.792857142857,160.9,131,263,3186
bigs,bigs-1-20261006144946,DONE,2026-10-06T19:59:57Z,2026-10-06T20:09:18Z,4,500,2000,420,5801018,2589,0.044630097682854974,13811.94761904762,141.29,140,188,2364
